{
  "stomp": {
    "sounds": [
      "who/cybermen/stomp"
    ],
    "category": "player"
  },
  "cybusVoice": {
    "sounds": [
      "who/cybermen/wearecybermen"
    "category": "player"
  },
  "cyber_blaster": {
    "sounds": [
      "who/cybermen/blaster"],
    "category": "player"
  },
  "mondas_beam_loop": {
	"sounds": [
	 "who/mondasian/mondas_beam_loop"],
  "category": "player"
  },
  "mondas_beam_end": {
	"sounds": [
	 "who/mondasian/mondas_beam_end"],
  "category": "player"
  },
  "mondas_beam_start": {
	"sounds": [
	 "who/mondasian/mondas_beam_start"],
  "category": "player"
  },
  "vm_teleport": {
	"sounds": [
	 "who/vortex/vm_tp"],
  "category": "player"
  },
  "exterminate": {
	"sounds": [
	 "who/dalek/exterminate"],
  "category": "player"
  },
  "gunstick": {
	"sounds": [
	 "who/dalek/gunstick"],
  "category": "player"
  }
}